sample,file,mse,mae,rmse,relative_l2,r2
1,Training dataset/2/PT_14.mat,137557763.7315131,4841.607033905173,11728.502194718349,0.5879707984555754,0.6536479338448766
2,Training dataset/4/Photothermal5_Data1_06_pw6.mat,228588399.83413884,11061.959191608625,15119.140181708048,0.355095694599236,0.8730893454439428
3,Training dataset/8/Photothermal2_Data1_ax5_11_pw11.mat,18792057.658908933,2967.614765135853,4334.980698793125,0.5675081915302176,0.6589751332587311
4,Training dataset/5/Photothermal_Data1_ax5_01_pw1.mat,766029304.9028044,19378.25720308307,27677.234415721603,0.23834570282233494,0.9427183655519481
5,Training dataset/9/Photothermal_Data1_plain_13_pw13.mat,33252007.02891124,2991.5813289444072,5766.4553261870715,0.3462532670906088,0.878985606434687
6,Training dataset/9/Photothermal4_Data1_plain_02_pw2.mat,91730707.25527461,5051.854993764398,9577.614904310707,0.6032614818072165,0.630392727009499
7,Training dataset/10/Photothermal3_Data1_plain_08_pw8.mat,153944048.17762902,7257.776999022057,12407.419078020579,0.37925519451623557,0.855129668319525
8,Training dataset/9/Photothermal5_Data1_plain_12_pw12.mat,115625882.87295116,6376.159328581742,10752.947636483272,0.3944631638954096,0.8346271945732902
9,Training dataset/10/Photothermal2_Data1_plain_02_pw2.mat,70488831.66838808,5165.443565674942,8395.762721062814,0.29192960374034205,0.9142602604550638
10,Training dataset/3/Photothermal5_Data1_09_pw9.mat,238949551.87113446,9061.343601911647,15457.993138539507,0.4983763112312882,0.7432115390518426
11,Training dataset/2/PT_93.mat,57843531.58673836,3793.7063120967673,7605.493513687219,0.397049579864972,0.837832658413239
12,Training dataset/8/Photothermal4_Data1_ax5_06_pw6.mat,15971589.35230115,3010.1651149291706,3996.447091142475,0.5236816746301,0.7103263733009633
13,Training dataset/1/Irregular_3_Chirp_1_0.2.mat,96651844.21584316,5415.217939478611,9831.166981383398,0.4716133767340316,0.769310004077102
14,Training dataset/1/Irregular_4_Chirp_4_0.2.mat,138878675.1774141,6806.373533492476,11784.67968073015,0.43102981275753416,0.8025836355861453
15,Training dataset/9/Photothermal2_Data1_plain_02_pw2.mat,42299364.53048492,3364.7492388648525,6503.796163048541,0.40955858777124815,0.8295575919164679
16,Training dataset/2/PT_49.mat,41702278.98041245,3558.6078250359787,6457.730172468687,0.3693393327720854,0.8615141204551051
17,Training dataset/7/Photothermal3_Data1_ax5_16_pw16.mat,151828364796.78854,277130.902841197,389651.594115549,0.4628913692842198,0.7657599379522133
18,Training dataset/4/Photothermal5_Data1_03_pw3.mat,536820782.3089117,18091.529774519156,23169.393222717586,0.4786029263105742,0.7688057468641665
19,Training dataset/7/Photothermal_Data1_ax5_10_pw10.mat,30379003.749127276,2374.6261913158855,5511.715136790659,0.7400328014561305,0.45010832269492096
20,Training dataset/8/Photothermal2_Data1_ax5_04_pw4.mat,11584609.735495778,1832.4228060751002,3403.6171546599917,0.8030866397363194,0.3549083871796289
21,Training dataset/3/Photothermal5_Data1_13_pw13.mat,297925074.768136,10831.646842620406,17260.50621413335,0.5285139944672003,0.7196316654778012
22,Training dataset/7/Photothermal2_Data1_ax5_06_pw6.mat,61482127.42519574,5535.528573968327,7841.053974128461,0.5631885061114315,0.6675274430669312
23,Training dataset/10/Photothermal2_Data1_plain_01_pw1.mat,24414527239.899776,52393.53242687962,156251.487160602,0.27326777690129056,0.925223760853625
24,Training dataset/4/Photothermal_Data1_04_pw4.mat,130120287.02620414,8294.071782830311,11407.027966398791,0.6123548644986674,0.6229663676430222
25,Training dataset/10/Photothermal4_Data1_plain_16_pw16.mat,31588801794.90841,100254.79538749822,177732.38814270293,0.19895975756060302,0.9580884096543347
26,Training dataset/6/Photothermal_Data1_ax5_06_pw6.mat,8003588.679855133,1969.2815929897074,2829.0614485823976,0.4217715687922564,0.8174782613062135
27,Training dataset/5/Photothermal_Data1_ax5_07_pw7.mat,8758802.10298979,1935.7482495752981,2959.527344524762,1.0563678770168698,-0.12277216484108577
28,Training dataset/1/Irregular_3_Chirp_1_0.05.mat,42370518.449396156,3240.8026383083106,6509.264048215909,0.5228390275983668,0.7248241933574104
29,Training dataset/3/Photothermal3_Data1_15_pw15.mat,94610899108.50304,112945.62593599268,307588.8475034539,0.4561286419485181,0.7867261345053963
30,Training dataset/7/Photothermal5_Data1_ax5_11_pw11.mat,49282261.299773596,4119.923769066301,7020.13256995718,0.5610651152061932,0.6634177793472021
31,Training dataset/4/Photothermal4_Data1_01_pw1.mat,56308025624.08841,115527.06623919246,237293.121737838,0.3905309589000379,0.8472552994805895
32,Training dataset/4/Photothermal4_Data1_16_pw16.mat,191182544868.85843,207295.90692692556,437244.26224806934,0.4475370001026957,0.78750801828408
33,Training dataset/10/Photothermal3_Data1_plain_04_pw4.mat,71989871.71077667,4704.592881954041,8484.684538082525,0.3651949145688076,0.8663063876771662
34,Training dataset/4/Photothermal_Data1_06_pw6.mat,160223942.27177438,9328.539306504052,12657.959640944286,0.3043009053127166,0.9065994077525368
35,Training dataset/10/Photothermal2_Data1_plain_15_pw15.mat,41622234963.62909,78378.31720661874,204015.28120125976,0.29309422423268683,0.9120800196530355
36,Training dataset/9/Photothermal_Data1_plain_07_pw7.mat,22351848.69799979,2509.9048867460233,4727.774180097838,0.43578179930567323,0.8093800934032197
37,Training dataset/4/Photothermal3_Data1_09_pw9.mat,511661631.8920242,17420.973505723923,22619.93881273829,0.4396593591166091,0.8042669629854102
38,Training dataset/2/PT_77.mat,267064253.67530322,7864.54872113129,16342.100650629442,0.6153527832379848,0.6203940342550054
39,Training dataset/10/Photothermal_Data1_plain_16_pw16.mat,8485492703.817888,41383.28294592119,92116.73411393767,0.10532143811741487,0.9882182616683591
40,Training dataset/9/Photothermal4_Data1_plain_14_pw14.mat,12215094201.743082,59501.9703378425,110521.91729129151,0.25840967056105535,0.9327927390204869
41,Training dataset/4/Photothermal3_Data1_13_pw13.mat,204516922.98924494,11452.599425060847,14300.941332277569,0.5441174980693215,0.7012744220508889
42,Training dataset/9/Photothermal_Data1_plain_01_pw1.mat,11174435507.483568,27839.68125532943,105709.20256762685,0.331262703064686,0.8900868067486399
43,Training dataset/8/Photothermal_Data1_ax5_11_pw11.mat,9068325.626444949,1876.713331145003,3011.3660731377295,0.39055782823702473,0.8411868847565791
44,Training dataset/2/PT_11.mat,209234245.64210337,6122.7112202967755,14464.931580968621,0.6291308840666341,0.6032258756214782
45,Training dataset/1/Chirp_3_0.05.mat,55120369.69201382,3261.606782067474,7424.309374750881,0.5285803772350436,0.7189656569289185
46,Training dataset/3/Photothermal4_Data1_13_pw13.mat,220264282.07493538,9599.9977116161,14841.303247186057,0.461194832596809,0.7864903616792718
47,Training dataset/7/Photothermal4_Data1_ax5_12_pw12.mat,117011625.39559834,7556.251121987347,10817.191197145326,0.5000491285683833,0.7221327771035908
48,Training dataset/5/Photothermal5_Data1_ax5_12_pw12.mat,27381038.109388173,3534.4157404135717,5232.689376352104,0.48048613441349663,0.7433398756432383
49,Training dataset/2/PT_82.mat,283300884648.1356,149273.7386132516,532260.1663173148,0.8262870623002664,0.30231968187364644
50,Training dataset/5/Photothermal3_Data1_ax5_14_pw14.mat,6725221110.317537,59628.47414012778,82007.44545660191,0.4352742673953036,0.8045389352112728
51,Training dataset/9/Photothermal_Data1_plain_04_pw4.mat,24229557.827754218,2619.589314099228,4922.35287517608,0.39278067304197883,0.8449547554136878
52,Training dataset/8/Photothermal_Data1_ax5_15_pw15.mat,11388611699.513622,77530.11077563332,106717.43859142058,0.3558014618532442,0.8686791101934265
53,Training dataset/8/Photothermal3_Data1_ax5_10_pw10.mat,11962390.912449084,1772.905205827311,3458.6689509765292,0.8646016161427857,0.2374071227853266
54,Training dataset/9/Photothermal2_Data1_plain_14_pw14.mat,20419656380.73939,72686.91030299681,142897.36309932172,0.32636918567674544,0.8924931090656858
55,Training dataset/2/PT_56.mat,75017495.11396599,4967.483814764637,8661.264059822099,0.35488515743035254,0.867744908512656
56,Training dataset/7/Photothermal2_Data1_ax5_15_pw15.mat,97128139751.514,220868.35244788576,311653.8781268637,0.5223174090877875,0.7191559876415283
57,Training dataset/1/Irregular_1_PT_1.mat,41808476896.75959,128811.20821043392,204471.21288034556,0.23635792864044178,0.9407460829315548
58,Training dataset/7/Photothermal5_Data1_ax5_09_pw9.mat,63136053.28530357,5320.194503056394,7945.819862374403,0.48206624152731836,0.746840265914589
59,Training dataset/6/Photothermal4_Data1_ax5_06_pw6.mat,13813760.880796166,2686.113374280039,3716.686815000178,0.5118901560804444,0.730813629421317
60,Training dataset/2/PT_98.mat,87194503.8595876,5609.810110796032,9337.799733319815,0.4135934159976527,0.8240007627348552
61,Training dataset/2/PT_80.mat,307655597.8941959,9407.999390244251,17540.113964686658,0.5573946384995745,0.6881401862093954
62,Training dataset/10/Photothermal2_Data1_plain_16_pw16.mat,155741971987.18988,149649.52421854602,394641.5740734748,0.4482939787915278,0.7868307762556939
63,Training dataset/1/Irregular_2_Chirp_1_0.2.mat,191005870.42710644,4805.4989373872,13820.487344052179,0.8880149238536835,0.19918475960701565
64,Training dataset/1/Irregular_2_Chirp_2_0.1.mat,38248287.50875594,2848.053860536407,6184.5199901654405,0.45561420078553927,0.789967165959586
65,Training dataset/5/Photothermal4_Data1_ax5_01_pw1.mat,1879538734.1167524,28474.629098419115,43353.64729889231,0.33214139830911776,0.8870378839773438
66,Training dataset/7/Photothermal4_Data1_ax5_13_pw13.mat,39630969.54029134,3295.83838948537,6295.313299613557,0.7455743639638303,0.4439140392996632
67,Training dataset/10/Photothermal2_Data1_plain_10_pw10.mat,115482502.16838357,6581.357525964823,10746.278526465967,0.3909487564561632,0.8467600913301266
68,Training dataset/6/Photothermal_Data1_ax5_15_pw15.mat,5966425474.754632,57247.169395851946,77242.64026271133,0.2841456684063846,0.9182965958795789
69,Training dataset/9/Photothermal4_Data1_plain_07_pw7.mat,32168319.23952933,3257.796929826002,5671.712196464956,0.5246390016446006,0.7234704558269232
70,Training dataset/8/Photothermal5_Data1_ax5_05_pw5.mat,5554970.246976708,1599.281413826551,2356.898437985122,0.5445384574013633,0.692711353196688
71,Training dataset/10/Photothermal3_Data1_plain_09_pw9.mat,98968746.37123306,6154.325469819443,9948.30369315458,0.3444289733787289,0.8765157872188873
72,Training dataset/9/Photothermal4_Data1_plain_03_pw3.mat,192969304.2052429,7655.479659615732,13891.339179691888,0.6633376038760095,0.5437861333350353
73,Training dataset/10/Photothermal5_Data1_plain_15_pw15.mat,31033143554.171623,61992.238516052385,176162.26484174078,0.2542600466712035,0.9338429921316318
74,Training dataset/2/PT_89.mat,44812219.094147116,3622.4941704261955,6694.192938222435,0.391602103393325,0.844223085666417
75,Training dataset/3/Photothermal2_Data1_11_pw11.mat,234754053.18369737,10141.863706875874,15321.685716124626,0.4102200763386542,0.8298273459546934
76,Training dataset/3/Photothermal4_Data1_10_pw10.mat,141825303.00408503,7113.943506596955,11909.042908818703,0.43508110383861703,0.8102009842740048
77,Training dataset/9/Photothermal4_Data1_plain_08_pw8.mat,106555521.77521543,5481.138134715635,10322.573408565106,0.5836792312885226,0.6528346226226535
78,Training dataset/1/Irregular_1_PT_0.2.mat,24653725848.217705,72848.97623187954,157015.04975070927,0.35885757539163204,0.8700186369805484
79,Training dataset/10/Photothermal4_Data1_plain_03_pw3.mat,229367729.25388676,9360.497225659534,15144.891193200656,0.5787686623858898,0.6545007523930018
80,Training dataset/8/Photothermal2_Data1_ax5_15_pw15.mat,14579442248.194965,87836.15101969024,120745.36118706576,0.3572950501965707,0.868618270272118
